GEO_ID,NAME,2014,2015,2016,2017,2018,2019,2020,2021
Geography,Geographic Area Name,Estimate!!Total housing units,Estimate!!Total housing units,Estimate!!Total housing units,Estimate!!Total housing units,Estimate!!Total housing units,Estimate!!Total housing units,Estimate!!Total housing units,Estimate!!Total housing units
1400000US26163500100,"Census Tract 5001, Wayne County, Michigan",1715,1762,1789,1817,1789,1824,1843,1686
1400000US26163500200,"Census Tract 5002, Wayne County, Michigan",1243,1283,1299,1267,1274,1289,1364,1245
1400000US26163500300,"Census Tract 5003, Wayne County, Michigan",1238,1272,1290,1266,1250,1273,1263,1198
1400000US26163500400,"Census Tract 5004, Wayne County, Michigan",838,848,857,871,892,864,939,884
1400000US26163500500,"Census Tract 5005, Wayne County, Michigan",942,903,980,984,999,923,954,856
1400000US26163500600,"Census Tract 5006, Wayne County, Michigan",1559,1609,1620,1571,1644,1622,1558,1442
1400000US26163500700,"Census Tract 5007, Wayne County, Michigan",1886,1888,1917,1910,1897,1880,1725,1573
1400000US26163500800,"Census Tract 5008, Wayne County, Michigan",1069,1122,1135,1157,1150,1176,1121,1037
1400000US26163500900,"Census Tract 5009, Wayne County, Michigan",1755,1768,1768,1784,1825,1827,1849,1718
1400000US26163501000,"Census Tract 5010, Wayne County, Michigan",1408,1412,1375,1320,1390,1393,1276,1198
1400000US26163501100,"Census Tract 5011, Wayne County, Michigan",1631,1626,1648,1619,1623,1636,1674,1525
1400000US26163501200,"Census Tract 5012, Wayne County, Michigan",977,956,895,902,892,889,767,706
1400000US26163501300,"Census Tract 5013, Wayne County, Michigan",1801,1717,1644,1563,1411,1358,1272,1262
1400000US26163501400,"Census Tract 5014, Wayne County, Michigan",1692,1688,1701,1716,1718,1717,1471,1361
1400000US26163501500,"Census Tract 5015, Wayne County, Michigan",1775,1800,1794,1798,1810,1816,1813,1664
1400000US26163501600,"Census Tract 5016, Wayne County, Michigan",1059,1070,1084,1073,1090,1071,996,910
1400000US26163501700,"Census Tract 5017, Wayne County, Michigan",1221,1207,1179,1156,1147,1149,994,948
1400000US26163501800,"Census Tract 5018, Wayne County, Michigan",2104,2113,2110,2153,2151,2145,2420,2059
1400000US26163501900,"Census Tract 5019, Wayne County, Michigan",1386,1365,1364,1383,1303,1297,1152,1054
1400000US26163502000,"Census Tract 5020, Wayne County, Michigan",1089,1015,983,962,957,968,1041,960
1400000US26163503100,"Census Tract 5031, Wayne County, Michigan",1200,1209,1232,1231,1245,1278,2033,1876
1400000US26163503200,"Census Tract 5032, Wayne County, Michigan",1501,1550,1560,1516,1505,1535,1545,1379
1400000US26163503300,"Census Tract 5033, Wayne County, Michigan",1734,1726,1786,1781,1780,1803,1357,1235
1400000US26163503400,"Census Tract 5034, Wayne County, Michigan",641,637,679,673,698,715,1480,1310
1400000US26163503500,"Census Tract 5035, Wayne County, Michigan",1785,1832,1867,1787,1773,1695,1842,1659
1400000US26163503600,"Census Tract 5036, Wayne County, Michigan",907,942,947,929,918,904,783,644
1400000US26163503900,"Census Tract 5039, Wayne County, Michigan",1114,1126,1112,1139,1070,1144,1499,1365
1400000US26163504000,"Census Tract 5040, Wayne County, Michigan",692,679,686,669,657,640,1012,962
1400000US26163504100,"Census Tract 5041, Wayne County, Michigan",945,973,983,968,1000,962,1039,932
1400000US26163504200,"Census Tract 5042, Wayne County, Michigan",1200,1240,1236,1248,1244,1248,622,585
1400000US26163504300,"Census Tract 5043, Wayne County, Michigan",1320,1274,1301,1305,1264,1231,926,868
1400000US26163504400,"Census Tract 5044, Wayne County, Michigan",1111,1109,1114,1118,1143,1121,1198,1111
1400000US26163504700,"Census Tract 5047, Wayne County, Michigan",1195,1168,1096,1061,1056,1050,1169,1079
1400000US26163504800,"Census Tract 5048, Wayne County, Michigan",461,420,432,440,435,419,1026,921
1400000US26163504900,"Census Tract 5049, Wayne County, Michigan",1532,1547,1554,1579,1598,1620,2312,1928
1400000US26163505000,"Census Tract 5050, Wayne County, Michigan",617,569,593,565,543,509,1601,1511
1400000US26163505100,"Census Tract 5051, Wayne County, Michigan",1758,1819,1941,2011,2068,2115,1486,1406
1400000US26163505200,"Census Tract 5052, Wayne County, Michigan",1595,1596,1605,1554,1585,1628,2020,1845
1400000US26163505400,"Census Tract 5054, Wayne County, Michigan",1228,1300,1358,1440,1454,1487,2026,1908
1400000US26163505500,"Census Tract 5055, Wayne County, Michigan",698,693,684,711,687,687,1703,1479
1400000US26163506100,"Census Tract 5061, Wayne County, Michigan",854,876,877,889,868,886,844,786
1400000US26163506200,"Census Tract 5062, Wayne County, Michigan",966,987,979,942,953,949,1040,981
1400000US26163506300,"Census Tract 5063, Wayne County, Michigan",1099,1100,1109,1127,1113,1089,1031,962
1400000US26163506400,"Census Tract 5064, Wayne County, Michigan",667,650,656,622,613,582,586,501
1400000US26163506500,"Census Tract 5065, Wayne County, Michigan",1135,1145,1174,1155,1147,1161,1087,1014
1400000US26163506600,"Census Tract 5066, Wayne County, Michigan",1532,1545,1556,1583,1626,1642,1773,1572
1400000US26163506700,"Census Tract 5067, Wayne County, Michigan",592,576,573,571,569,575,524,479
1400000US26163506800,"Census Tract 5068, Wayne County, Michigan",1846,1854,1874,1883,1897,1909,1896,1766
1400000US26163506900,"Census Tract 5069, Wayne County, Michigan",1720,1747,1707,1686,1682,1681,1573,1521
1400000US26163507000,"Census Tract 5070, Wayne County, Michigan",1358,1357,1348,1316,1286,1313,1220,1167
1400000US26163507100,"Census Tract 5071, Wayne County, Michigan",1362,1343,1352,1395,1368,1398,1528,1230
1400000US26163507200,"Census Tract 5072, Wayne County, Michigan",834,815,827,796,807,803,792,750
1400000US26163507300,"Census Tract 5073, Wayne County, Michigan",1476,1519,1509,1520,1521,1506,1421,1289
1400000US26163507400,"Census Tract 5074, Wayne County, Michigan",1424,1490,1512,1523,1529,1567,1491,1429
1400000US26163507500,"Census Tract 5075, Wayne County, Michigan",1284,1308,1315,1342,1327,1312,1252,1170
1400000US26163507800,"Census Tract 5078, Wayne County, Michigan",422,383,398,410,380,354,963,892
1400000US26163507900,"Census Tract 5079, Wayne County, Michigan",1367,1409,1380,1323,1283,1227,1113,1060
1400000US26163508000,"Census Tract 5080, Wayne County, Michigan",842,874,901,872,930,923,1496,1312
1400000US26163508100,"Census Tract 5081, Wayne County, Michigan",1438,1374,1276,1269,1236,1237,2098,1818
1400000US26163510400,"Census Tract 5104, Wayne County, Michigan",649,654,643,627,586,595,1855,1608
1400000US26163510500,"Census Tract 5105, Wayne County, Michigan",1540,1557,1531,1548,1444,1475,973,927
1400000US26163510600,"Census Tract 5106, Wayne County, Michigan",1663,1725,1727,1754,1754,1834,1283,1128
1400000US26163510700,"Census Tract 5107, Wayne County, Michigan",601,632,650,675,675,675,1446,1306
1400000US26163511000,"Census Tract 5110, Wayne County, Michigan",1033,1046,1029,1054,1054,1057,1315,1241
1400000US26163511200,"Census Tract 5112, Wayne County, Michigan",860,892,904,902,862,867,1738,1564
1400000US26163511300,"Census Tract 5113, Wayne County, Michigan",1252,1213,1239,1194,1196,1211,921,829
1400000US26163511400,"Census Tract 5114, Wayne County, Michigan",1774,1753,1709,1699,1694,1670,1336,1223
1400000US26163511900,"Census Tract 5119, Wayne County, Michigan",1177,1199,1238,1220,1192,1146,1902,1754
1400000US26163512100,"Census Tract 5121, Wayne County, Michigan",1762,1801,1790,1744,1687,1622,1764,1639
1400000US26163512200,"Census Tract 5122, Wayne County, Michigan",475,491,505,501,505,508,1117,1059
1400000US26163512300,"Census Tract 5123, Wayne County, Michigan",906,867,850,847,819,772,1918,1759
1400000US26163512400,"Census Tract 5124, Wayne County, Michigan",782,804,826,825,823,804,1390,1262
1400000US26163512600,"Census Tract 5126, Wayne County, Michigan",990,993,999,994,1000,955,1418,1294
1400000US26163512900,"Census Tract 5129, Wayne County, Michigan",1012,1036,1033,999,975,962,693,527
1400000US26163513200,"Census Tract 5132, Wayne County, Michigan",1076,1081,1048,1037,1027,1005,891,847
1400000US26163513300,"Census Tract 5133, Wayne County, Michigan",1194,1213,1237,1256,1260,1281,2359,2215
1400000US26163513600,"Census Tract 5136, Wayne County, Michigan",892,878,908,890,892,923,875,723
1400000US26163513700,"Census Tract 5137, Wayne County, Michigan",1785,1810,1847,1864,1825,1844,3444,3122
1400000US26163513900,"Census Tract 5139, Wayne County, Michigan",1305,1301,1324,1279,1273,1281,1255,1144
1400000US26163514100,"Census Tract 5141, Wayne County, Michigan",1793,1758,1826,1820,1831,1818,661,511
1400000US26163514200,"Census Tract 5142, Wayne County, Michigan",1512,1517,1487,1467,1372,1311,1646,1568
1400000US26163514300,"Census Tract 5143, Wayne County, Michigan",1445,1413,1450,1463,1492,1481,1404,1068
1400000US26163514500,"Census Tract 5145, Wayne County, Michigan",669,695,693,692,664,649,1719,1622
1400000US26163515200,"Census Tract 5152, Wayne County, Michigan",935,936,974,940,892,911,468,372
1400000US26163515300,"Census Tract 5153, Wayne County, Michigan",2093,2169,2276,2280,2246,2272,1572,1475
1400000US26163515400,"Census Tract 5154, Wayne County, Michigan",790,839,841,870,877,877,2589,2276
1400000US26163515600,"Census Tract 5156, Wayne County, Michigan",876,876,891,885,895,910,1070,1033
1400000US26163515700,"Census Tract 5157, Wayne County, Michigan",3191,3222,3293,3367,3383,3379,1009,874
1400000US26163515900,"Census Tract 5159, Wayne County, Michigan",878,870,877,864,847,829,1526,1406
1400000US26163516000,"Census Tract 5160, Wayne County, Michigan",1409,1343,1355,1324,1333,1365,2028,1822
1400000US26163516100,"Census Tract 5161, Wayne County, Michigan",483,455,428,442,398,380,1673,1466
1400000US26163516200,"Census Tract 5162, Wayne County, Michigan",430,458,461,443,450,427,971,935
1400000US26163516300,"Census Tract 5163, Wayne County, Michigan",418,406,403,394,396,425,700,622
1400000US26163516400,"Census Tract 5164, Wayne County, Michigan",667,692,724,708,685,666,922,836
1400000US26163516500,"Census Tract 5165, Wayne County, Michigan",1177,1182,1185,1232,1401,1546,1147,1074
1400000US26163516600,"Census Tract 5166, Wayne County, Michigan",1154,1162,1190,1188,1206,1220,766,709
1400000US26163516700,"Census Tract 5167, Wayne County, Michigan",1626,1668,1757,1831,1800,1804,1115,942
1400000US26163516800,"Census Tract 5168, Wayne County, Michigan",558,558,594,552,548,523,1465,1297
1400000US26163516900,"Census Tract 5169, Wayne County, Michigan",1616,1647,1672,1716,1697,1675,1279,1128
1400000US26163517000,"Census Tract 5170, Wayne County, Michigan",2272,2392,2513,2578,2576,2566,2896,2756
1400000US26163517100,"Census Tract 5171, Wayne County, Michigan",962,951,948,928,966,1007,1372,1176
1400000US26163517200,"Census Tract 5172, Wayne County, Michigan",728,795,858,906,964,998,1036,959
1400000US26163517300,"Census Tract 5173, Wayne County, Michigan",1239,1335,1366,1356,1407,1433,811,797
1400000US26163517500,"Census Tract 5175, Wayne County, Michigan",1802,1806,1848,1854,1886,1940,821,703
1400000US26163518000,"Census Tract 5180, Wayne County, Michigan",1357,1429,1439,1496,1532,1549,1145,1079
1400000US26163518400,"Census Tract 5184, Wayne County, Michigan",383,356,358,311,297,268,1698,1482
1400000US26163518500,"Census Tract 5185, Wayne County, Michigan",697,656,687,681,678,680,1076,982
1400000US26163518600,"Census Tract 5186, Wayne County, Michigan",438,408,408,404,392,369,1230,1130
1400000US26163518800,"Census Tract 5188, Wayne County, Michigan",542,530,520,512,484,478,741,679
1400000US26163518900,"Census Tract 5189, Wayne County, Michigan",867,919,953,952,967,956,1509,1533
1400000US26163520200,"Census Tract 5202, Wayne County, Michigan",1036,1128,1139,1154,1123,1118,982,947
1400000US26163520300,"Census Tract 5203, Wayne County, Michigan",1250,1331,1291,1338,1452,1470,829,731
1400000US26163520400,"Census Tract 5204, Wayne County, Michigan",1252,1290,1334,1357,1358,1265,1254,1119
1400000US26163520700,"Census Tract 5207, Wayne County, Michigan",2360,2451,2451,2466,2553,2718,1230,1163
1400000US26163520800,"Census Tract 5208, Wayne County, Michigan",1144,1286,1402,1365,1452,1444,1159,1113
1400000US26163521100,"Census Tract 5211, Wayne County, Michigan",898,984,986,1035,1026,1006,1731,1556
1400000US26163521300,"Census Tract 5213, Wayne County, Michigan",429,398,381,396,403,390,1119,1012
1400000US26163521400,"Census Tract 5214, Wayne County, Michigan",661,696,725,763,762,770,1751,1584
1400000US26163521500,"Census Tract 5215, Wayne County, Michigan",979,973,959,955,955,992,1944,1750
1400000US26163521800,"Census Tract 5218, Wayne County, Michigan",827,866,926,942,978,1002,1138,973
1400000US26163521900,"Census Tract 5219, Wayne County, Michigan",1583,1619,1631,1692,1712,1694,50,44
1400000US26163522000,"Census Tract 5220, Wayne County, Michigan",1021,1028,1027,1054,1065,1086,1043,948
1400000US26163522100,"Census Tract 5221, Wayne County, Michigan",621,553,510,467,462,470,1814,1715
1400000US26163522200,"Census Tract 5222, Wayne County, Michigan",517,490,493,472,467,414,1274,1183
1400000US26163522300,"Census Tract 5223, Wayne County, Michigan",1310,1252,1193,1192,1208,1199,946,818
1400000US26163522400,"Census Tract 5224, Wayne County, Michigan",707,694,678,665,686,664,2208,1822
1400000US26163522500,"Census Tract 5225, Wayne County, Michigan",1633,1660,1653,1666,1619,1622,790,723
1400000US26163523100,"Census Tract 5231, Wayne County, Michigan",644,720,734,736,725,735,989,911
1400000US26163523200,"Census Tract 5232, Wayne County, Michigan",1469,1499,1475,1458,1455,1422,1184,947
1400000US26163523300,"Census Tract 5233, Wayne County, Michigan",1253,1289,1200,1281,1310,1322,845,749
1400000US26163523400,"Census Tract 5234, Wayne County, Michigan",1256,1341,1301,1254,1278,1274,954,851
1400000US26163523800,"Census Tract 5238, Wayne County, Michigan",1689,1673,1644,1645,1616,1630,1514,1341
1400000US26163524000,"Census Tract 5240, Wayne County, Michigan",1201,1240,1238,1219,1189,1189,585,509
1400000US26163524100,"Census Tract 5241, Wayne County, Michigan",1779,1818,1782,1736,1729,1701,1208,1100
1400000US26163524200,"Census Tract 5242, Wayne County, Michigan",2003,2043,1941,1981,1995,1935,1866,1697
1400000US26163524300,"Census Tract 5243, Wayne County, Michigan",1154,1156,1088,1084,1076,1068,1791,1808
1400000US26163524500,"Census Tract 5245, Wayne County, Michigan",347,269,167,67,68,60,1673,1466
1400000US26163524700,"Census Tract 5247, Wayne County, Michigan",2191,2216,2162,2143,2093,2013,801,770
1400000US26163524800,"Census Tract 5248, Wayne County, Michigan",1466,1453,1408,1364,1317,1235,814,802
1400000US26163524900,"Census Tract 5249, Wayne County, Michigan",717,695,667,644,643,600,1273,1208
1400000US26163525000,"Census Tract 5250, Wayne County, Michigan",549,575,538,468,417,412,1139,1031
1400000US26163525400,"Census Tract 5254, Wayne County, Michigan",1175,1180,1154,1130,1090,1043,1719,1507
1400000US26163525500,"Census Tract 5255, Wayne County, Michigan",499,503,462,424,421,430,1032,993
1400000US26163525600,"Census Tract 5256, Wayne County, Michigan",658,636,641,669,664,654,1285,1177
1400000US26163525700,"Census Tract 5257, Wayne County, Michigan",2040,2062,2037,2031,2020,1992,791,803
1400000US26163525800,"Census Tract 5258, Wayne County, Michigan",835,876,854,855,812,826,897,833
1400000US26163526000,"Census Tract 5260, Wayne County, Michigan",1156,1190,1196,1169,1171,1110,1141,1068
1400000US26163526100,"Census Tract 5261, Wayne County, Michigan",922,958,928,947,960,932,798,804
1400000US26163526200,"Census Tract 5262, Wayne County, Michigan",1104,1166,1134,1131,1111,1083,1113,1073
1400000US26163526300,"Census Tract 5263, Wayne County, Michigan",1418,1347,1371,1440,1432,1414,1292,1116
1400000US26163526400,"Census Tract 5264, Wayne County, Michigan",664,693,655,618,625,603,1411,1366
1400000US26163526500,"Census Tract 5265, Wayne County, Michigan",1383,1406,1423,1405,1385,1367,712,665
1400000US26163527200,"Census Tract 5272, Wayne County, Michigan",746,795,780,792,806,796,1181,1098
1400000US26163527300,"Census Tract 5273, Wayne County, Michigan",867,852,851,845,822,821,951,945
1400000US26163530100,"Census Tract 5301, Wayne County, Michigan",1756,1795,1767,1767,1724,1643,1412,1517
1400000US26163530200,"Census Tract 5302, Wayne County, Michigan",1749,1783,1784,1733,1726,1794,654,503
1400000US26163530300,"Census Tract 5303, Wayne County, Michigan",987,1024,983,943,913,879,841,765
1400000US26163530400,"Census Tract 5304, Wayne County, Michigan",1196,1117,1046,974,943,912,1064,918
1400000US26163530500,"Census Tract 5305, Wayne County, Michigan",1288,1285,1286,1271,1272,1291,1034,937
1400000US26163530800,"Census Tract 5308, Wayne County, Michigan",1348,1255,1247,1225,1241,1180,926,863
1400000US26163530900,"Census Tract 5309, Wayne County, Michigan",1978,1893,1846,1797,1756,1659,1782,1604
1400000US26163531100,"Census Tract 5311, Wayne County, Michigan",1045,1020,1052,1091,1095,1120,1480,1365
1400000US26163531200,"Census Tract 5312, Wayne County, Michigan",1251,1233,1243,1243,1254,1277,1503,1383
1400000US26163531300,"Census Tract 5313, Wayne County, Michigan",915,864,838,811,806,831,2504,2289
1400000US26163531400,"Census Tract 5314, Wayne County, Michigan",1048,1040,1044,1036,1030,1034,1222,1100
1400000US26163531500,"Census Tract 5315, Wayne County, Michigan",2144,2213,2146,2133,2043,2035,1805,1614
1400000US26163531600,"Census Tract 5316, Wayne County, Michigan",1177,1194,1162,1160,1155,1177,781,644
1400000US26163531700,"Census Tract 5317, Wayne County, Michigan",1324,1318,1337,1314,1340,1337,1097,1034
1400000US26163531800,"Census Tract 5318, Wayne County, Michigan",1601,1583,1524,1441,1365,1346,1621,1459
1400000US26163531900,"Census Tract 5319, Wayne County, Michigan",776,802,793,800,786,790,1636,1489
1400000US26163532200,"Census Tract 5322, Wayne County, Michigan",837,856,808,784,762,715,1392,1213
1400000US26163532300,"Census Tract 5323, Wayne County, Michigan",543,553,551,568,555,558,932,895
1400000US26163532400,"Census Tract 5324, Wayne County, Michigan",997,977,970,977,977,965,1260,1145
1400000US26163532600,"Census Tract 5326, Wayne County, Michigan",1386,1417,1430,1442,1504,1466,1778,1597
1400000US26163532700,"Census Tract 5327, Wayne County, Michigan",741,733,727,718,713,673,2085,1827
1400000US26163533000,"Census Tract 5330, Wayne County, Michigan",910,895,882,850,855,871,674,670
1400000US26163533100,"Census Tract 5331, Wayne County, Michigan",1214,1190,1237,1203,1162,1175,2169,1965
1400000US26163533200,"Census Tract 5332, Wayne County, Michigan",1171,1180,1148,1134,1039,1051,1885,1691
1400000US26163533300,"Census Tract 5333, Wayne County, Michigan",1154,1190,1137,1133,1094,1046,1081,1018
1400000US26163533400,"Census Tract 5334, Wayne County, Michigan",1885,1860,1824,1840,1820,1805,1517,1439
1400000US26163533500,"Census Tract 5335, Wayne County, Michigan",841,821,830,796,804,791,1255,1187
1400000US26163533600,"Census Tract 5336, Wayne County, Michigan",1551,1522,1525,1517,1496,1486,1217,1113
1400000US26163533700,"Census Tract 5337, Wayne County, Michigan",695,724,732,728,740,710,1860,1775
1400000US26163533900,"Census Tract 5339, Wayne County, Michigan",2504,2605,2617,2615,2631,2715,598,610
1400000US26163534100,"Census Tract 5341, Wayne County, Michigan",1394,1385,1393,1401,1375,1324,846,711
1400000US26163534200,"Census Tract 5342, Wayne County, Michigan",2113,2090,2048,2028,2027,1930,1381,1304
1400000US26163534300,"Census Tract 5343, Wayne County, Michigan",799,799,793,804,778,783,1579,1507
1400000US26163534400,"Census Tract 5344, Wayne County, Michigan",1051,1022,1059,1102,1094,1067,1089,1035
1400000US26163534500,"Census Tract 5345, Wayne County, Michigan",606,621,622,615,591,613,450,452
1400000US26163534600,"Census Tract 5346, Wayne County, Michigan",1172,1199,1191,1211,1182,1144,1225,1141
1400000US26163534700,"Census Tract 5347, Wayne County, Michigan",1622,1623,1645,1594,1627,1646,1381,1338
1400000US26163535000,"Census Tract 5350, Wayne County, Michigan",1608,1658,1648,1551,1506,1489,1471,1335
1400000US26163535100,"Census Tract 5351, Wayne County, Michigan",999,1034,1014,1003,1014,1012,1441,1363
1400000US26163535200,"Census Tract 5352, Wayne County, Michigan",1309,1256,1247,1284,1257,1270,990,880
1400000US26163535300,"Census Tract 5353, Wayne County, Michigan",1859,1854,1881,1919,1939,1926,1149,1039
1400000US26163535400,"Census Tract 5354, Wayne County, Michigan",774,813,816,802,810,812,810,709
1400000US26163535500,"Census Tract 5355, Wayne County, Michigan",1382,1396,1399,1417,1438,1421,2018,1809
1400000US26163535600,"Census Tract 5356, Wayne County, Michigan",1720,1726,1722,1748,1775,1786,1764,1502
1400000US26163535700,"Census Tract 5357, Wayne County, Michigan",790,783,768,744,721,729,2551,2363
1400000US26163536100,"Census Tract 5361, Wayne County, Michigan",2088,2049,2042,1985,1943,1900,2233,2095
1400000US26163536200,"Census Tract 5362, Wayne County, Michigan",957,976,984,989,991,974,1625,1546
1400000US26163536300,"Census Tract 5363, Wayne County, Michigan",1707,1650,1589,1558,1524,1546,858,815
1400000US26163536400,"Census Tract 5364, Wayne County, Michigan",1475,1473,1462,1449,1473,1406,1669,1573
1400000US26163536500,"Census Tract 5365, Wayne County, Michigan",1419,1412,1414,1443,1384,1356,1370,1312
1400000US26163536600,"Census Tract 5366, Wayne County, Michigan",1641,1629,1572,1582,1562,1583,863,802
1400000US26163536700,"Census Tract 5367, Wayne County, Michigan",674,673,677,674,675,658,2395,2241
1400000US26163536800,"Census Tract 5368, Wayne County, Michigan",865,872,854,831,812,809,2560,1902
1400000US26163536900,"Census Tract 5369, Wayne County, Michigan",1483,1477,1512,1518,1540,1516,1656,1578
1400000US26163537000,"Census Tract 5370, Wayne County, Michigan",1727,1714,1708,1735,1735,1670,1450,1348
1400000US26163537100,"Census Tract 5371, Wayne County, Michigan",1128,1134,1147,1108,1087,1112,1682,1572
1400000US26163537200,"Census Tract 5372, Wayne County, Michigan",495,483,483,489,492,514,1170,1153
1400000US26163537300,"Census Tract 5373, Wayne County, Michigan",1385,1379,1361,1337,1335,1330,1775,1683
1400000US26163537500,"Census Tract 5375, Wayne County, Michigan",1360,1333,1322,1326,1296,1339,1673,1524
1400000US26163537600,"Census Tract 5376, Wayne County, Michigan",1512,1523,1543,1522,1536,1536,1647,1502
1400000US26163537700,"Census Tract 5377, Wayne County, Michigan",1703,1666,1674,1628,1621,1574,1479,1374
1400000US26163537800,"Census Tract 5378, Wayne County, Michigan",997,996,1015,1013,1011,992,1262,1195
1400000US26163538100,"Census Tract 5381, Wayne County, Michigan",1072,1081,1084,1105,1124,1132,1245,1133
1400000US26163538200,"Census Tract 5382, Wayne County, Michigan",830,842,852,852,853,863,1413,1336
1400000US26163538300,"Census Tract 5383, Wayne County, Michigan",1861,1874,1911,1932,1984,2058,1083,996
1400000US26163538400,"Census Tract 5384, Wayne County, Michigan",1486,1511,1535,1550,1552,1585,1535,1447
1400000US26163538500,"Census Tract 5385, Wayne County, Michigan",2523,2544,2559,2573,2550,2593,1854,1781
1400000US26163538600,"Census Tract 5386, Wayne County, Michigan",2098,2104,2114,2133,2143,2150,1370,1293
1400000US26163538700,"Census Tract 5387, Wayne County, Michigan",1677,1690,1702,1706,1752,1788,1203,1104
1400000US26163538800,"Census Tract 5388, Wayne County, Michigan",720,724,735,744,754,765,1247,1145
1400000US26163538900,"Census Tract 5389, Wayne County, Michigan",1670,1692,1706,1724,1750,1748,1338,1171
1400000US26163539000,"Census Tract 5390, Wayne County, Michigan",1363,1382,1384,1425,1430,1439,1928,1801
1400000US26163539100,"Census Tract 5391, Wayne County, Michigan",900,904,925,920,876,838,1677,1557
1400000US26163539200,"Census Tract 5392, Wayne County, Michigan",2380,2399,2424,2469,2494,2531,1214,1127
1400000US26163539300,"Census Tract 5393, Wayne County, Michigan",1681,1689,1682,1698,1733,1759,1954,1862
1400000US26163539400,"Census Tract 5394, Wayne County, Michigan",1522,1545,1562,1576,1571,1595,1843,1719
1400000US26163539500,"Census Tract 5395, Wayne County, Michigan",1394,1401,1417,1440,1448,1439,1492,1391
1400000US26163539600,"Census Tract 5396, Wayne County, Michigan",1398,1398,1418,1436,1456,1480,1155,1081
1400000US26163539700,"Census Tract 5397, Wayne County, Michigan",1033,1052,1040,1042,1085,1091,1037,991
1400000US26163540100,"Census Tract 5401, Wayne County, Michigan",1562,1571,1570,1613,1619,1583,1474,1346
1400000US26163540200,"Census Tract 5402, Wayne County, Michigan",1799,1825,1823,1830,1820,1841,1587,1462
1400000US26163540300,"Census Tract 5403, Wayne County, Michigan",1771,1762,1784,1757,1781,1794,758,700
1400000US26163540400,"Census Tract 5404, Wayne County, Michigan",1335,1371,1331,1351,1360,1366,1093,1024
1400000US26163540500,"Census Tract 5405, Wayne County, Michigan",1497,1502,1518,1530,1541,1544,1188,1143
1400000US26163540600,"Census Tract 5406, Wayne County, Michigan",1552,1567,1577,1548,1517,1526,1493,1408
1400000US26163540700,"Census Tract 5407, Wayne County, Michigan",1450,1461,1444,1458,1433,1467,1518,1407
1400000US26163540800,"Census Tract 5408, Wayne County, Michigan",1041,1037,1047,1053,1066,1030,678,591
1400000US26163540900,"Census Tract 5409, Wayne County, Michigan",1514,1503,1520,1522,1528,1552,998,908
1400000US26163541000,"Census Tract 5410, Wayne County, Michigan",1912,1941,1928,1936,1991,2034,555,611
1400000US26163541100,"Census Tract 5411, Wayne County, Michigan",1805,1751,1695,1559,1518,1496,1340,1255
1400000US26163541200,"Census Tract 5412, Wayne County, Michigan",1355,1355,1342,1300,1275,1281,1288,1175
1400000US26163541300,"Census Tract 5413, Wayne County, Michigan",1205,1224,1220,1215,1214,1211,1175,1119
1400000US26163541400,"Census Tract 5414, Wayne County, Michigan",1306,1335,1355,1369,1379,1330,1545,1363
1400000US26163541500,"Census Tract 5415, Wayne County, Michigan",1962,2000,2015,1991,2049,2015,1073,961
1400000US26163541700,"Census Tract 5417, Wayne County, Michigan",1388,1429,1471,1495,1510,1539,629,583
1400000US26163541800,"Census Tract 5418, Wayne County, Michigan",1355,1384,1351,1354,1359,1352,1347,1233
1400000US26163542100,"Census Tract 5421, Wayne County, Michigan",2014,2042,2046,2034,2031,2046,1887,1669
1400000US26163542200,"Census Tract 5422, Wayne County, Michigan",1765,1775,1799,1751,1695,1754,1746,1477
1400000US26163542300,"Census Tract 5423, Wayne County, Michigan",1151,1127,1135,1127,1146,1155,1346,1181
1400000US26163542400,"Census Tract 5424, Wayne County, Michigan",1265,1260,1262,1272,1278,1277,2150,1867
1400000US26163542500,"Census Tract 5425, Wayne County, Michigan",1111,1116,1124,1124,1118,1095,1708,1558
1400000US26163542600,"Census Tract 5426, Wayne County, Michigan",1475,1475,1490,1513,1526,1530,1681,1354
1400000US26163542700,"Census Tract 5427, Wayne County, Michigan",539,525,507,502,480,444,1763,1624
1400000US26163542800,"Census Tract 5428, Wayne County, Michigan",1122,1134,1137,1148,1155,1164,1546,1363
1400000US26163542900,"Census Tract 5429, Wayne County, Michigan",1455,1463,1473,1493,1501,1517,759,696
1400000US26163543000,"Census Tract 5430, Wayne County, Michigan",766,765,769,772,781,762,960,885
1400000US26163543100,"Census Tract 5431, Wayne County, Michigan",1060,1070,1078,1091,1091,1091,1187,1146
1400000US26163543200,"Census Tract 5432, Wayne County, Michigan",1291,1293,1311,1294,1298,1276,1700,1600
1400000US26163543400,"Census Tract 5434, Wayne County, Michigan",1437,1482,1496,1514,1553,1523,2425,2258
1400000US26163543500,"Census Tract 5435, Wayne County, Michigan",749,744,693,677,732,711,1917,1761
1400000US26163543600,"Census Tract 5436, Wayne County, Michigan",844,794,715,657,627,624,1554,1689
1400000US26163543700,"Census Tract 5437, Wayne County, Michigan",1136,1097,1074,1030,1055,1044,1940,2039
1400000US26163543800,"Census Tract 5438, Wayne County, Michigan",764,736,690,652,623,556,1057,1086
1400000US26163543900,"Census Tract 5439, Wayne County, Michigan",654,643,605,600,590,576,831,826
1400000US26163544000,"Census Tract 5440, Wayne County, Michigan",1201,1215,1221,1238,1251,1271,1592,1637
1400000US26163544100,"Census Tract 5441, Wayne County, Michigan",1125,1140,1161,1183,1192,1239,1144,1236
1400000US26163544200,"Census Tract 5442, Wayne County, Michigan",1406,1369,1313,1337,1301,1267,1926,2178
1400000US26163544300,"Census Tract 5443, Wayne County, Michigan",1347,1404,1471,1412,1451,1406,646,690
1400000US26163545100,"Census Tract 5451, Wayne County, Michigan",811,813,780,769,762,729,1120,1035
1400000US26163545200,"Census Tract 5452, Wayne County, Michigan",1595,1555,1571,1562,1513,1545,1969,2057
1400000US26163545300,"Census Tract 5453, Wayne County, Michigan",1013,949,991,898,931,987,1474,1565
1400000US26163545400,"Census Tract 5454, Wayne County, Michigan",460,493,513,706,765,814,1752,1776
1400000US26163545500,"Census Tract 5455, Wayne County, Michigan",1935,1934,1961,1923,1862,1754,1821,1851
1400000US26163545600,"Census Tract 5456, Wayne County, Michigan",1818,1917,1916,1940,1942,1898,839,852
1400000US26163545700,"Census Tract 5457, Wayne County, Michigan",1210,1252,1277,1321,1286,1311,1351,1398
1400000US26163545800,"Census Tract 5458, Wayne County, Michigan",2197,2213,2264,2227,2252,2236,1328,1380
1400000US26163545900,"Census Tract 5459, Wayne County, Michigan",1838,1806,1808,1772,1780,1798,1484,1566
1400000US26163546000,"Census Tract 5460, Wayne County, Michigan",1766,1720,1715,1671,1612,1523,1001,1183
1400000US26163546100,"Census Tract 5461, Wayne County, Michigan",1932,1904,1913,1915,1891,1873,1606,1981
1400000US26163546200,"Census Tract 5462, Wayne County, Michigan",1317,1339,1370,1411,1423,1420,1185,1333
1400000US26163546300,"Census Tract 5463, Wayne County, Michigan",747,765,777,786,817,817,1198,1425
1400000US26163546400,"Census Tract 5464, Wayne County, Michigan",633,601,585,589,591,552,758,895
1400000US26163546500,"Census Tract 5465, Wayne County, Michigan",1127,1145,1179,1180,1190,1198,1386,1563
1400000US26163546600,"Census Tract 5466, Wayne County, Michigan",1052,1052,1023,965,942,940,805,639
1400000US26163546700,"Census Tract 5467, Wayne County, Michigan",1435,1391,1343,1351,1322,1352,981,841
1400000US26163546800,"Census Tract 5468, Wayne County, Michigan",1786,1823,1842,1843,1841,1821,551,532
1400000US26163546900,"Census Tract 5469, Wayne County, Michigan",564,574,574,575,586,557,1347,1122
1400000US26163550100,"Census Tract 5501, Wayne County, Michigan",1654,1650,1623,1557,1589,1558,1210,802
1400000US26163550200,"Census Tract 5502, Wayne County, Michigan",1948,1928,1897,1834,1871,1851,1600,1621
1400000US26163550300,"Census Tract 5503, Wayne County, Michigan",1220,1209,1203,1171,1202,1169,1176,1163
1400000US26163550400,"Census Tract 5504, Wayne County, Michigan",849,851,851,872,849,860,2113,2080
1400000US26163550500,"Census Tract 5505, Wayne County, Michigan",1503,1505,1517,1529,1500,1491,1383,1336
1400000US26163550600,"Census Tract 5506, Wayne County, Michigan",996,964,951,904,952,927,1268,1280
1400000US26163550700,"Census Tract 5507, Wayne County, Michigan",2053,1989,1880,1812,1919,1911,1431,1447
1400000US26163550800,"Census Tract 5508, Wayne County, Michigan",679,647,621,602,632,621,1296,1301
1400000US26163550900,"Census Tract 5509, Wayne County, Michigan",1210,1229,1205,1223,1193,1136,1308,1332
1400000US26163551100,"Census Tract 5511, Wayne County, Michigan",1962,1938,1949,1962,1979,1979,1240,1283
1400000US26163551200,"Census Tract 5512, Wayne County, Michigan",1620,1602,1572,1540,1521,1502,1843,1865
1400000US26163551300,"Census Tract 5513, Wayne County, Michigan",1971,1883,1841,1849,1884,1796,1154,1193
1400000US26163551400,"Census Tract 5514, Wayne County, Michigan",1830,1753,1705,1707,1713,1684,929,989
1400000US26163551500,"Census Tract 5515, Wayne County, Michigan",969,918,905,887,878,855,1287,1356
1400000US26163551600,"Census Tract 5516, Wayne County, Michigan",1634,1561,1544,1515,1505,1470,1105,1130
1400000US26163551700,"Census Tract 5517, Wayne County, Michigan",1360,1342,1337,1316,1332,1309,1328,1310
1400000US26163551800,"Census Tract 5518, Wayne County, Michigan",1613,1610,1594,1542,1535,1501,1468,1447
1400000US26163552000,"Census Tract 5520, Wayne County, Michigan",1050,1075,1069,1031,1014,987,1581,1582
1400000US26163552100,"Census Tract 5521, Wayne County, Michigan",1829,1834,1794,1700,1639,1634,1758,1762
1400000US26163552200,"Census Tract 5522, Wayne County, Michigan",1419,1413,1394,1376,1350,1319,1139,1113
1400000US26163552300,"Census Tract 5523, Wayne County, Michigan",1368,1362,1326,1301,1262,1210,1333,1319
1400000US26163552400,"Census Tract 5524, Wayne County, Michigan",831,850,842,816,809,803,1027,1032
1400000US26163552800,"Census Tract 5528, Wayne County, Michigan",1621,1609,1607,1572,1499,1460,679,670
1400000US26163553000,"Census Tract 5530, Wayne County, Michigan",720,857,861,873,850,807,1329,1323
1400000US26163553100,"Census Tract 5531, Wayne County, Michigan",910,922,895,875,965,941,1301,1292
1400000US26163553200,"Census Tract 5532, Wayne County, Michigan",608,626,646,657,630,604,973,966
1400000US26163553300,"Census Tract 5533, Wayne County, Michigan",706,696,662,736,729,738,814,828
1400000US26163553400,"Census Tract 5534, Wayne County, Michigan",1299,1416,1486,1524,1580,1602,842,831
1400000US26163553600,"Census Tract 5536, Wayne County, Michigan",1169,1219,1182,1196,1227,1221,1279,1275
1400000US26163553800,"Census Tract 5538, Wayne County, Michigan",1062,1066,1075,1047,1082,1065,1514,1478
1400000US26163554100,"Census Tract 5541, Wayne County, Michigan",1681,1666,1655,1627,1606,1615,1187,1191
1400000US26163554200,"Census Tract 5542, Wayne County, Michigan",1378,1383,1359,1370,1315,1315,1843,1795
1400000US26163554300,"Census Tract 5543, Wayne County, Michigan",2116,2119,2127,2129,2101,2102,1928,1896
1400000US26163554400,"Census Tract 5544, Wayne County, Michigan",1415,1352,1315,1295,1270,1293,1663,1665
1400000US26163554500,"Census Tract 5545, Wayne County, Michigan",1215,1223,1248,1246,1249,1268,1540,1557
1400000US26163554600,"Census Tract 5546, Wayne County, Michigan",1553,1514,1494,1521,1503,1469,1834,1853
1400000US26163554700,"Census Tract 5547, Wayne County, Michigan",1082,1101,1151,1183,1193,1220,780,792
1400000US26163554800,"Census Tract 5548, Wayne County, Michigan",1491,1429,1451,1451,1439,1397,1720,1705
1400000US26163554900,"Census Tract 5549, Wayne County, Michigan",1360,1354,1317,1292,1302,1332,1428,1440
1400000US26163555100,"Census Tract 5551, Wayne County, Michigan",1890,1881,1829,1848,1833,1842,786,796
1400000US26163555300,"Census Tract 5553, Wayne County, Michigan",1281,1273,1261,1256,1244,1246,1072,1068
1400000US26163555400,"Census Tract 5554, Wayne County, Michigan",1075,1051,1044,1024,985,998,1081,1064
1400000US26163555500,"Census Tract 5555, Wayne County, Michigan",1348,1299,1262,1247,1216,1222,758,756
1400000US26163555600,"Census Tract 5556, Wayne County, Michigan",1096,1101,1082,1081,1092,1117,1085,1088
1400000US26163556100,"Census Tract 5561, Wayne County, Michigan",1373,1374,1361,1364,1363,1360,1043,1043
1400000US26163556200,"Census Tract 5562, Wayne County, Michigan",1477,1458,1432,1432,1446,1453,901,888
1400000US26163556300,"Census Tract 5563, Wayne County, Michigan",1508,1488,1466,1484,1487,1499,2224,1953
1400000US26163556400,"Census Tract 5564, Wayne County, Michigan",1703,1741,1722,1726,1730,1748,1294,1444
1400000US26163556500,"Census Tract 5565, Wayne County, Michigan",1137,1168,1207,1215,1212,1238,1212,1234
1400000US26163556600,"Census Tract 5566, Wayne County, Michigan",1294,1308,1302,1287,1293,1277,1668,1770
1400000US26163556700,"Census Tract 5567, Wayne County, Michigan",1006,1016,1024,1024,1026,1035,1439,1529
1400000US26163556800,"Census Tract 5568, Wayne County, Michigan",675,676,675,667,674,675,2756,2927
1400000US26163556900,"Census Tract 5569, Wayne County, Michigan",1435,1448,1430,1429,1405,1416,2407,2633
1400000US26163557000,"Census Tract 5570, Wayne County, Michigan",1294,1290,1283,1263,1261,1273,1216,1289
1400000US26163557100,"Census Tract 5571, Wayne County, Michigan",1046,1039,1038,1035,1008,1013,1563,1575
1400000US26163557200,"Census Tract 5572, Wayne County, Michigan",808,813,828,833,816,819,2027,2042
1400000US26163557300,"Census Tract 5573, Wayne County, Michigan",856,856,857,854,848,840,941,941
1400000US26163557400,"Census Tract 5574, Wayne County, Michigan",1290,1283,1280,1277,1263,1263,2614,2678
1400000US26163557500,"Census Tract 5575, Wayne County, Michigan",1463,1465,1469,1452,1452,1457,940,928
1400000US26163557600,"Census Tract 5576, Wayne County, Michigan",1253,1251,1242,1176,1149,1157,2109,2104
1400000US26163557700,"Census Tract 5577, Wayne County, Michigan",1815,1818,1807,1806,1781,1793,930,975
1400000US26163557900,"Census Tract 5579, Wayne County, Michigan",1860,1865,1843,1842,1834,1830,1832,1836
1400000US26163558000,"Census Tract 5580, Wayne County, Michigan",1724,1727,1714,1694,1686,1696,1658,1662
1400000US26163558100,"Census Tract 5581, Wayne County, Michigan",1416,1419,1403,1400,1396,1397,1524,1558
1400000US26163558200,"Census Tract 5582, Wayne County, Michigan",1791,1786,1774,1749,1746,1754,1658,1648
1400000US26163558300,"Census Tract 5583, Wayne County, Michigan",867,871,834,842,831,843,1404,1438
1400000US26163558400,"Census Tract 5584, Wayne County, Michigan",1628,1632,1631,1612,1613,1659,1356,1379
1400000US26163558500,"Census Tract 5585, Wayne County, Michigan",1633,1634,1615,1618,1603,1594,1819,1840
1400000US26163558600,"Census Tract 5586, Wayne County, Michigan",797,788,777,772,785,807,2204,2125
1400000US26163558700,"Census Tract 5587, Wayne County, Michigan",1090,1092,1068,1060,1058,1085,793,831
1400000US26163558800,"Census Tract 5588, Wayne County, Michigan",1139,1131,1134,1126,1120,1122,713,735
1400000US26163558900,"Census Tract 5589, Wayne County, Michigan",784,795,782,773,771,769,1034,1030
1400000US26163559000,"Census Tract 5590, Wayne County, Michigan",1089,1096,1080,1077,1067,1081,933,943
1400000US26163559100,"Census Tract 5591, Wayne County, Michigan",1047,1058,1055,1045,1047,1044,1265,1239
1400000US26163559200,"Census Tract 5592, Wayne County, Michigan",860,860,846,846,848,856,1908,1957
1400000US26163560100,"Census Tract 5601, Wayne County, Michigan",1349,1324,1269,1232,1200,1245,1683,1741
1400000US26163560200,"Census Tract 5602, Wayne County, Michigan",2717,2728,2715,2672,2736,2767,993,1010
1400000US26163560300,"Census Tract 5603, Wayne County, Michigan",1470,1468,1472,1467,1481,1497,1905,1966
1400000US26163560400,"Census Tract 5604, Wayne County, Michigan",2681,2696,2708,2699,2749,2768,1963,2098
1400000US26163561200,"Census Tract 5612, Wayne County, Michigan",2025,2067,2108,2156,2249,2285,1743,1826
1400000US26163561300,"Census Tract 5613, Wayne County, Michigan",2669,2665,2676,2706,2747,2758,1359,1358
1400000US26163561600,"Census Tract 5616, Wayne County, Michigan",1825,1864,1865,1858,1839,1892,1442,1454
1400000US26163561700,"Census Tract 5617, Wayne County, Michigan",833,881,900,893,899,929,2856,2978
1400000US26163561900,"Census Tract 5619, Wayne County, Michigan",2419,2367,2380,2373,2382,2451,2353,2407
1400000US26163562300,"Census Tract 5623, Wayne County, Michigan",877,867,875,867,892,920,1941,1974
1400000US26163562400,"Census Tract 5624, Wayne County, Michigan",2037,2020,2041,2021,2007,2076,1830,1859
1400000US26163562500,"Census Tract 5625, Wayne County, Michigan",1085,1067,1050,1051,1062,1098,781,797
1400000US26163562600,"Census Tract 5626, Wayne County, Michigan",1772,1725,1708,1712,1761,1750,2045,2058
1400000US26163562700,"Census Tract 5627, Wayne County, Michigan",1674,1627,1636,1644,1687,1669,1590,1618
1400000US26163562800,"Census Tract 5628, Wayne County, Michigan",1521,1507,1544,1531,1511,1553,2520,2592
1400000US26163562900,"Census Tract 5629, Wayne County, Michigan",1606,1602,1616,1602,1586,1626,1133,1188
1400000US26163563200,"Census Tract 5632, Wayne County, Michigan",1304,1307,1317,1308,1354,1372,2074,2137
1400000US26163563300,"Census Tract 5633, Wayne County, Michigan",1264,1265,1277,1292,1298,1320,778,775
1400000US26163563400,"Census Tract 5634, Wayne County, Michigan",1783,1828,1843,1850,1878,1883,1303,1285
1400000US26163563500,"Census Tract 5635, Wayne County, Michigan",1899,1933,1950,1944,1961,1973,1638,1609
1400000US26163563600,"Census Tract 5636, Wayne County, Michigan",725,743,744,755,761,748,1102,1101
1400000US26163563700,"Census Tract 5637, Wayne County, Michigan",599,617,616,625,638,662,493,508
1400000US26163563800,"Census Tract 5638, Wayne County, Michigan",1053,1071,1080,1095,1095,1109,1246,1337
1400000US26163563900,"Census Tract 5639, Wayne County, Michigan",938,946,955,970,978,985,860,868
1400000US26163564000,"Census Tract 5640, Wayne County, Michigan",1183,1189,1189,1211,1229,1224,1590,1552
1400000US26163564100,"Census Tract 5641, Wayne County, Michigan",1729,1764,1801,1795,1802,1825,1329,1339
1400000US26163564200,"Census Tract 5642, Wayne County, Michigan",1492,1511,1526,1580,1595,1612,2017,2072
1400000US26163564300,"Census Tract 5643, Wayne County, Michigan",1089,1096,1101,1110,1111,1087,1382,1472
1400000US26163564401,"Census Tract 5644.01, Wayne County, Michigan",1561,1614,1635,1667,1718,1755,1706,1705
1400000US26163564402,"Census Tract 5644.02, Wayne County, Michigan",1319,1398,1437,1509,1637,1821,1498,1478
1400000US26163564501,"Census Tract 5645.01, Wayne County, Michigan",1369,1342,1368,1432,1575,1672,1322,1348
1400000US26163564502,"Census Tract 5645.02, Wayne County, Michigan",1186,1212,1220,1282,1287,1307,1914,1890
1400000US26163564503,"Census Tract 5645.03, Wayne County, Michigan",1480,1535,1587,1569,1551,1497,1435,1430
1400000US26163564504,"Census Tract 5645.04, Wayne County, Michigan",2336,2418,2498,2589,2646,2827,2268,2273
1400000US26163564600,"Census Tract 5646, Wayne County, Michigan",2222,2274,2286,2295,2326,2370,1391,1340
1400000US26163564700,"Census Tract 5647, Wayne County, Michigan",1765,1789,1793,1800,1816,1833,875,913
1400000US26163564800,"Census Tract 5648, Wayne County, Michigan",1734,1756,1765,1797,1833,1865,1627,1597
1400000US26163564900,"Census Tract 5649, Wayne County, Michigan",833,833,870,870,810,811,1892,1955
1400000US26163565000,"Census Tract 5650, Wayne County, Michigan",1844,1868,1883,1895,1878,1935,1378,1386
1400000US26163565100,"Census Tract 5651, Wayne County, Michigan",1538,1537,1540,1583,1618,1635,1870,1884
1400000US26163565200,"Census Tract 5652, Wayne County, Michigan",2461,2441,2423,2464,2509,2487,1366,1392
1400000US26163565300,"Census Tract 5653, Wayne County, Michigan",2912,2850,2807,2833,2861,2990,1883,1921
1400000US26163565600,"Census Tract 5656, Wayne County, Michigan",806,798,807,820,822,815,1405,1373
1400000US26163565700,"Census Tract 5657, Wayne County, Michigan",1304,1291,1272,1302,1304,1299,1010,981
1400000US26163565800,"Census Tract 5658, Wayne County, Michigan",1774,1757,1775,1775,1754,1750,1203,1219
1400000US26163565900,"Census Tract 5659, Wayne County, Michigan",1074,1070,1066,1091,1106,1086,1580,1526
1400000US26163566400,"Census Tract 5664, Wayne County, Michigan",577,565,564,541,513,457,1269,1228
1400000US26163566500,"Census Tract 5665, Wayne County, Michigan",1309,1255,1180,1145,1167,1198,1185,1185
1400000US26163566600,"Census Tract 5666, Wayne County, Michigan",849,845,860,820,825,814,1473,1440
1400000US26163566700,"Census Tract 5667, Wayne County, Michigan",1633,1634,1634,1567,1572,1570,1734,1699
1400000US26163566800,"Census Tract 5668, Wayne County, Michigan",1280,1268,1266,1216,1239,1235,986,975
1400000US26163566900,"Census Tract 5669, Wayne County, Michigan",2068,2053,2036,1966,1969,1928,997,995
1400000US26163567000,"Census Tract 5670, Wayne County, Michigan",1383,1361,1339,1432,1365,1343,1847,1838
1400000US26163567100,"Census Tract 5671, Wayne County, Michigan",1724,1709,1679,1699,1764,1764,1010,981
1400000US26163567201,"Census Tract 5672.01, Wayne County, Michigan",1395,1386,1380,1418,1414,1406,2068,2087
1400000US26163567202,"Census Tract 5672.02, Wayne County, Michigan",1302,1295,1332,1374,1383,1360,1474,1446
1400000US26163567300,"Census Tract 5673, Wayne County, Michigan",1932,1909,1912,1952,1945,1957,816,841
1400000US26163567400,"Census Tract 5674, Wayne County, Michigan",1409,1398,1395,1420,1435,1436,1450,1430
1400000US26163567800,"Census Tract 5678, Wayne County, Michigan",2402,2359,2394,2437,2451,2452,1068,1102
1400000US26163567900,"Census Tract 5679, Wayne County, Michigan",1258,1243,1242,1276,1280,1272,1006,1027
1400000US26163568000,"Census Tract 5680, Wayne County, Michigan",1132,1170,1170,1174,1136,1072,1664,1905
1400000US26163568200,"Census Tract 5682, Wayne County, Michigan",1520,1515,1511,1531,1534,1524,728,768
1400000US26163568300,"Census Tract 5683, Wayne County, Michigan",1892,1856,1860,1911,1921,1921,894,1013
1400000US26163568400,"Census Tract 5684, Wayne County, Michigan",1486,1463,1457,1481,1476,1485,1204,1364
1400000US26163568500,"Census Tract 5685, Wayne County, Michigan",2008,1976,1972,1932,1924,1872,1272,1326
1400000US26163568700,"Census Tract 5687, Wayne County, Michigan",1290,1277,1273,1289,1334,1349,785,828
1400000US26163568800,"Census Tract 5688, Wayne County, Michigan",1902,1831,1867,1842,1922,1980,1991,2175
1400000US26163568900,"Census Tract 5689, Wayne County, Michigan",1266,1258,1260,1281,1296,1282,2557,2667
1400000US26163569100,"Census Tract 5691, Wayne County, Michigan",975,985,993,1002,996,994,515,554
1400000US26163569200,"Census Tract 5692, Wayne County, Michigan",1230,1251,1256,1260,1273,1266,707,735
1400000US26163569300,"Census Tract 5693, Wayne County, Michigan",1635,1650,1637,1627,1648,1653,2009,2083
1400000US26163569400,"Census Tract 5694, Wayne County, Michigan",1187,1200,1192,1185,1190,1206,1791,1915
1400000US26163569500,"Census Tract 5695, Wayne County, Michigan",1032,1041,1041,1043,1053,1068,2274,2372
1400000US26163569600,"Census Tract 5696, Wayne County, Michigan",1335,1355,1359,1374,1379,1422,1001,1077
1400000US26163569700,"Census Tract 5697, Wayne County, Michigan",1711,1744,1750,1750,1763,1766,784,803
1400000US26163569800,"Census Tract 5698, Wayne County, Michigan",984,1010,1000,1004,1000,1015,1526,1634
1400000US26163569900,"Census Tract 5699, Wayne County, Michigan",934,936,944,951,975,965,1066,1156
1400000US26163570100,"Census Tract 5701, Wayne County, Michigan",1920,1878,1847,1849,1776,1761,1110,1236
1400000US26163570200,"Census Tract 5702, Wayne County, Michigan",1115,1098,1126,1140,1101,1089,1200,1303
1400000US26163570400,"Census Tract 5704, Wayne County, Michigan",2378,2330,2271,2285,2188,2128,1912,2107
1400000US26163570500,"Census Tract 5705, Wayne County, Michigan",1669,1634,1650,1623,1536,1524,506,540
1400000US26163570600,"Census Tract 5706, Wayne County, Michigan",858,836,843,838,816,804,1792,1978
1400000US26163570800,"Census Tract 5708, Wayne County, Michigan",1442,1392,1382,1348,1337,1332,1457,1591
1400000US26163570900,"Census Tract 5709, Wayne County, Michigan",1146,1120,1106,1096,1046,1032,1328,1476
1400000US26163571000,"Census Tract 5710, Wayne County, Michigan",1079,1083,1079,1040,1008,1002,1790,1919
1400000US26163571500,"Census Tract 5715, Wayne County, Michigan",1625,1585,1559,1569,1574,1529,1668,1654
1400000US26163571600,"Census Tract 5716, Wayne County, Michigan",732,713,712,702,696,690,1461,1569
1400000US26163571700,"Census Tract 5717, Wayne County, Michigan",893,862,843,838,836,834,1224,1328
1400000US26163571800,"Census Tract 5718, Wayne County, Michigan",1271,1218,1202,1207,1198,1176,1799,1998
1400000US26163571900,"Census Tract 5719, Wayne County, Michigan",1318,1290,1277,1280,1268,1264,1691,1869
1400000US26163572000,"Census Tract 5720, Wayne County, Michigan",734,718,714,716,714,692,1418,1548
1400000US26163572100,"Census Tract 5721, Wayne County, Michigan",2374,2329,2268,2273,2224,2174,1037,1146
1400000US26163572200,"Census Tract 5722, Wayne County, Michigan",2623,2564,2531,2544,2515,2469,2164,2390
1400000US26163572400,"Census Tract 5724, Wayne County, Michigan",549,533,526,523,510,523,1146,1285
1400000US26163572500,"Census Tract 5725, Wayne County, Michigan",667,650,654,645,642,632,1644,1813
1400000US26163572600,"Census Tract 5726, Wayne County, Michigan",2224,2189,2171,2154,2134,2078,1623,1672
1400000US26163572700,"Census Tract 5727, Wayne County, Michigan",1864,1827,1839,1846,1815,1773,1206,1351
1400000US26163572800,"Census Tract 5728, Wayne County, Michigan",2351,2307,2281,2257,2216,2171,1411,1565
1400000US26163572900,"Census Tract 5729, Wayne County, Michigan",1041,1032,1022,1007,992,974,631,685
1400000US26163573000,"Census Tract 5730, Wayne County, Michigan",903,882,886,883,862,845,847,883
1400000US26163573100,"Census Tract 5731, Wayne County, Michigan",1592,1560,1548,1553,1553,1539,2820,2920
1400000US26163573300,"Census Tract 5733, Wayne County, Michigan",1106,1072,1073,1062,1058,1026,1076,1103
1400000US26163573400,"Census Tract 5734, Wayne County, Michigan",1230,1180,1193,1145,1140,1157,988,1003
1400000US26163573500,"Census Tract 5735, Wayne County, Michigan",1198,1155,1141,1104,1103,1090,1555,1597
1400000US26163573600,"Census Tract 5736, Wayne County, Michigan",2039,2051,2037,2008,1996,1978,1504,1578
1400000US26163573701,"Census Tract 5737.01, Wayne County, Michigan",541,536,535,523,532,522,1689,1773
1400000US26163573702,"Census Tract 5737.02, Wayne County, Michigan",1797,1782,1782,1742,1750,1725,1453,1503
1400000US26163573800,"Census Tract 5738, Wayne County, Michigan",1388,1357,1360,1351,1402,1395,1848,1963
1400000US26163573900,"Census Tract 5739, Wayne County, Michigan",1443,1494,1492,1488,1440,1402,1112,1130
1400000US26163574000,"Census Tract 5740, Wayne County, Michigan",1742,1725,1709,1670,1664,1632,1400,1472
1400000US26163574100,"Census Tract 5741, Wayne County, Michigan",1380,1376,1354,1347,1370,1367,1377,1430
1400000US26163574202,"Census Tract 5742.02, Wayne County, Michigan",1500,1482,1499,1472,1485,1459,1420,1423
1400000US26163574300,"Census Tract 5743, Wayne County, Michigan",1279,1268,1265,1240,1233,1216,1265,1298
1400000US26163574600,"Census Tract 5746, Wayne County, Michigan",1917,1916,1895,1852,1847,1811,1618,1654
1400000US26163574700,"Census Tract 5747, Wayne County, Michigan",1667,1680,1659,1629,1629,1616,947,963
1400000US26163574800,"Census Tract 5748, Wayne County, Michigan",1532,1550,1533,1513,1514,1482,2011,2012
1400000US26163574900,"Census Tract 5749, Wayne County, Michigan",1072,1075,1086,1064,1080,1079,1631,1632
1400000US26163575000,"Census Tract 5750, Wayne County, Michigan",2144,2153,2106,2101,2072,2045,1235,1224
1400000US26163575100,"Census Tract 5751, Wayne County, Michigan",1169,1173,1146,1105,1114,1101,2200,2572
1400000US26163575200,"Census Tract 5752, Wayne County, Michigan",1748,1733,1750,1693,1659,1661,2061,2334
1400000US26163575300,"Census Tract 5753, Wayne County, Michigan",1466,1471,1439,1394,1415,1390,1013,850
1400000US26163575400,"Census Tract 5754, Wayne County, Michigan",1404,1408,1390,1368,1355,1327,1800,1561
1400000US26163575500,"Census Tract 5755, Wayne County, Michigan",1628,1627,1603,1566,1563,1548,1279,1120
1400000US26163575600,"Census Tract 5756, Wayne County, Michigan",694,690,679,672,662,655,875,789
1400000US26163576000,"Census Tract 5760, Wayne County, Michigan",793,766,777,792,786,788,1281,1232
1400000US26163576100,"Census Tract 5761, Wayne County, Michigan",2512,2491,2515,2538,2514,2548,1610,1392
1400000US26163576200,"Census Tract 5762, Wayne County, Michigan",1108,1077,1069,1104,1076,1065,890,764
1400000US26163576300,"Census Tract 5763, Wayne County, Michigan",940,911,927,938,920,934,2474,2656
1400000US26163576400,"Census Tract 5764, Wayne County, Michigan",1477,1433,1457,1486,1462,1473,966,996
1400000US26163576500,"Census Tract 5765, Wayne County, Michigan",1555,1503,1524,1538,1514,1546,1249,1233
1400000US26163576600,"Census Tract 5766, Wayne County, Michigan",1766,1712,1735,1689,1653,1667,1216,1226
1400000US26163576700,"Census Tract 5767, Wayne County, Michigan",1514,1461,1477,1503,1489,1505,1124,1125
1400000US26163577000,"Census Tract 5770, Wayne County, Michigan",1935,1901,1871,1854,1825,1849,1395,1375
1400000US26163577100,"Census Tract 5771, Wayne County, Michigan",1232,1218,1207,1199,1204,1195,1438,1446
1400000US26163577200,"Census Tract 5772, Wayne County, Michigan",1330,1326,1279,1295,1273,1283,1980,1975
1400000US26163577300,"Census Tract 5773, Wayne County, Michigan",1280,1269,1274,1283,1259,1244,614,582
1400000US26163577400,"Census Tract 5774, Wayne County, Michigan",1482,1469,1400,1429,1398,1378,1780,1769
1400000US26163577500,"Census Tract 5775, Wayne County, Michigan",1419,1383,1345,1388,1361,1369,1678,1703
1400000US26163577600,"Census Tract 5776, Wayne County, Michigan",1527,1531,1491,1508,1484,1476,1771,1801
1400000US26163577700,"Census Tract 5777, Wayne County, Michigan",967,966,947,955,932,930,965,962
1400000US26163577800,"Census Tract 5778, Wayne County, Michigan",2056,2063,2018,2032,1992,1976,2496,2549
1400000US26163577900,"Census Tract 5779, Wayne County, Michigan",1794,1786,1764,1763,1734,1720,1184,1215
1400000US26163578000,"Census Tract 5780, Wayne County, Michigan",1185,1176,1139,1160,1139,1128,1919,1945
1400000US26163578500,"Census Tract 5785, Wayne County, Michigan",2259,2166,1993,1943,1905,1888,1610,1620
1400000US26163578600,"Census Tract 5786, Wayne County, Michigan",2482,2366,2198,2180,2140,2135,1580,1580
1400000US26163579100,"Census Tract 5791, Wayne County, Michigan",1053,1040,1043,1033,1067,1050,1166,1143
1400000US26163579200,"Census Tract 5792, Wayne County, Michigan",1633,1670,1654,1608,1628,1673,1497,1473
1400000US26163579300,"Census Tract 5793, Wayne County, Michigan",1147,1116,1153,1154,1194,1221,1109,1135
1400000US26163579500,"Census Tract 5795, Wayne County, Michigan",908,868,887,857,842,849,1024,1004
1400000US26163579600,"Census Tract 5796, Wayne County, Michigan",1511,1452,1426,1447,1387,1422,2283,2225
1400000US26163579700,"Census Tract 5797, Wayne County, Michigan",1474,1395,1457,1534,1561,1496,1027,1014
1400000US26163579800,"Census Tract 5798, Wayne County, Michigan",844,807,838,830,857,902,1190,1170
1400000US26163579900,"Census Tract 5799, Wayne County, Michigan",1940,1920,1960,1994,2078,2159,1661,1665
1400000US26163580100,"Census Tract 5801, Wayne County, Michigan",900,946,945,941,956,982,2084,2033
1400000US26163580200,"Census Tract 5802, Wayne County, Michigan",1212,1229,1256,1307,1307,1290,1822,1815
1400000US26163580300,"Census Tract 5803, Wayne County, Michigan",1219,1222,1235,1229,1229,1217,1841,1852
1400000US26163580400,"Census Tract 5804, Wayne County, Michigan",1132,1145,1174,1195,1187,1184,715,688
1400000US26163580500,"Census Tract 5805, Wayne County, Michigan",1318,1338,1374,1409,1403,1393,1429,1414
1400000US26163580600,"Census Tract 5806, Wayne County, Michigan",1377,1388,1407,1450,1439,1436,859,842
1400000US26163580700,"Census Tract 5807, Wayne County, Michigan",1996,2016,2057,2073,2044,2012,1225,1208
1400000US26163580800,"Census Tract 5808, Wayne County, Michigan",719,709,718,718,697,694,1365,1212
1400000US26163580900,"Census Tract 5809, Wayne County, Michigan",1737,1757,1820,1843,1826,1831,932,973
1400000US26163581100,"Census Tract 5811, Wayne County, Michigan",1770,1702,1713,1735,1742,1743,1032,1000
1400000US26163581200,"Census Tract 5812, Wayne County, Michigan",1845,1836,1833,1875,1867,1844,1303,1375
1400000US26163581500,"Census Tract 5815, Wayne County, Michigan",991,993,994,1006,1015,1005,1164,1177
1400000US26163581600,"Census Tract 5816, Wayne County, Michigan",2699,2681,2648,2725,2716,2714,848,883
1400000US26163581800,"Census Tract 5818, Wayne County, Michigan",1093,1092,1096,1117,1120,1131,1404,1456
1400000US26163581900,"Census Tract 5819, Wayne County, Michigan",1909,1917,1923,1942,1941,1924,805,810
1400000US26163582000,"Census Tract 5820, Wayne County, Michigan",1611,1596,1573,1599,1627,1613,1699,1744
1400000US26163582100,"Census Tract 5821, Wayne County, Michigan",1545,1618,1618,1650,1663,1604,1571,1569
1400000US26163583000,"Census Tract 5830, Wayne County, Michigan",1077,1056,1060,1059,1050,1068,2514,2408
1400000US26163583100,"Census Tract 5831, Wayne County, Michigan",1650,1667,1655,1611,1602,1629,733,712
1400000US26163583200,"Census Tract 5832, Wayne County, Michigan",1192,1195,1157,1152,1135,1148,2098,2099
1400000US26163583300,"Census Tract 5833, Wayne County, Michigan",1056,1069,1065,1060,1065,1070,2559,2677
1400000US26163583400,"Census Tract 5834, Wayne County, Michigan",2123,2126,2117,2120,2114,2142,1746,1822
1400000US26163583500,"Census Tract 5835, Wayne County, Michigan",1144,1153,1144,1127,1127,1145,1344,1373
1400000US26163583600,"Census Tract 5836, Wayne County, Michigan",1065,1079,1070,1065,1077,1083,684,677
1400000US26163583700,"Census Tract 5837, Wayne County, Michigan",1535,1532,1530,1510,1505,1526,552,542
1400000US26163583800,"Census Tract 5838, Wayne County, Michigan",1940,1943,1933,1917,1921,1944,1785,1872
1400000US26163583900,"Census Tract 5839, Wayne County, Michigan",1739,1740,1712,1710,1718,1742,2204,2380
1400000US26163584000,"Census Tract 5840, Wayne County, Michigan",1694,1713,1699,1681,1697,1718,2075,2178
1400000US26163584100,"Census Tract 5841, Wayne County, Michigan",755,742,748,736,733,748,1502,1528
1400000US26163584200,"Census Tract 5842, Wayne County, Michigan",1340,1331,1331,1342,1359,1360,1088,1069
1400000US26163584300,"Census Tract 5843, Wayne County, Michigan",773,807,810,823,814,822,907,1010
1400000US26163584400,"Census Tract 5844, Wayne County, Michigan",1340,1366,1359,1348,1362,1388,2828,2899
1400000US26163584500,"Census Tract 5845, Wayne County, Michigan",1211,1175,1177,1187,1218,1254,2531,2606
1400000US26163584600,"Census Tract 5846, Wayne County, Michigan",870,883,873,879,875,890,991,1017
1400000US26163584700,"Census Tract 5847, Wayne County, Michigan",1046,1033,1041,1035,1029,1011,1466,1479
1400000US26163584800,"Census Tract 5848, Wayne County, Michigan",2220,2312,2274,2248,2275,2312,1277,1292
1400000US26163585500,"Census Tract 5855, Wayne County, Michigan",903,890,876,821,805,780,740,747
1400000US26163585600,"Census Tract 5856, Wayne County, Michigan",1400,1339,1402,1343,1383,1422,2514,2567
1400000US26163585700,"Census Tract 5857, Wayne County, Michigan",730,704,713,696,696,708,2629,2618
1400000US26163585800,"Census Tract 5858, Wayne County, Michigan",1823,1745,1741,1652,1650,1609,2226,2160
1400000US26163585900,"Census Tract 5859, Wayne County, Michigan",1410,1403,1488,1487,1507,1476,1687,1678
1400000US26163586200,"Census Tract 5862, Wayne County, Michigan",2516,2456,2477,2412,2451,2404,2493,2425
1400000US26163586300,"Census Tract 5863, Wayne County, Michigan",807,820,818,796,794,774,1818,1866
1400000US26163587000,"Census Tract 5870, Wayne County, Michigan",1816,1882,1804,1908,1914,1966,1457,1467
1400000US26163587900,"Census Tract 5879, Wayne County, Michigan",2553,2542,2539,2562,2547,2665,1339,1355
1400000US26163588000,"Census Tract 5880, Wayne County, Michigan",2888,2862,2885,2891,2901,2999,2012,1963
1400000US26163588100,"Census Tract 5881, Wayne County, Michigan",1155,1159,1156,1179,1140,1208,1072,1056
1400000US26163588200,"Census Tract 5882, Wayne County, Michigan",1847,1820,1841,1848,1843,1913,1295,1293
1400000US26163588300,"Census Tract 5883, Wayne County, Michigan",2001,2028,2017,2039,1999,2129,1232,1246
1400000US26163588400,"Census Tract 5884, Wayne County, Michigan",2062,2039,1998,2052,1998,2042,1360,1357
1400000US26163589300,"Census Tract 5893, Wayne County, Michigan",1570,1556,1613,1625,1666,1669,1800,1790
1400000US26163589400,"Census Tract 5894, Wayne County, Michigan",2384,2471,2451,2433,2386,2373,2238,2230
1400000US26163590400,"Census Tract 5904, Wayne County, Michigan",2381,2365,2391,2485,2585,2655,1473,1448
1400000US26163590500,"Census Tract 5905, Wayne County, Michigan",2454,2439,2379,2463,2530,2574,1632,1641
1400000US26163590600,"Census Tract 5906, Wayne County, Michigan",988,950,930,957,988,1016,1742,1765
1400000US26163591501,"Census Tract 5915.01, Wayne County, Michigan",1436,1424,1370,1403,1412,1462,1078,1094
1400000US26163591502,"Census Tract 5915.02, Wayne County, Michigan",1219,1236,1299,1333,1317,1323,2016,2034
1400000US26163591600,"Census Tract 5916, Wayne County, Michigan",716,732,762,783,761,824,1429,1316
1400000US26163591700,"Census Tract 5917, Wayne County, Michigan",2451,2462,2440,2538,2481,2665,1972,2025
1400000US26163591800,"Census Tract 5918, Wayne County, Michigan",2410,2464,2402,2414,2411,2520,1897,1990
1400000US26163591900,"Census Tract 5919, Wayne County, Michigan",2114,2131,2132,2156,2112,2169,0,0
1400000US26163592000,"Census Tract 5920, Wayne County, Michigan",1551,1586,1558,1573,1558,1605,0,0
1400000US26163593000,"Census Tract 5930, Wayne County, Michigan",2354,2374,2319,2314,2354,2365,0,0
1400000US26163593200,"Census Tract 5932, Wayne County, Michigan",1765,1787,1759,1771,1795,1789,0,0
1400000US26163593300,"Census Tract 5933, Wayne County, Michigan",1343,1334,1335,1338,1351,1348,0,0
1400000US26163594000,"Census Tract 5940, Wayne County, Michigan",1437,1402,1379,1375,1380,1368,0,0
1400000US26163594100,"Census Tract 5941, Wayne County, Michigan",1851,1827,1809,1807,1823,1807,0,0
1400000US26163594200,"Census Tract 5942, Wayne County, Michigan",1046,1038,1032,1034,1046,1034,0,0
1400000US26163594300,"Census Tract 5943, Wayne County, Michigan",1305,1294,1319,1316,1312,1293,0,0
1400000US26163594400,"Census Tract 5944, Wayne County, Michigan",1352,1309,1289,1245,1231,1232,0,0
1400000US26163594500,"Census Tract 5945, Wayne County, Michigan",1328,1308,1313,1324,1335,1310,59,60
1400000US26163595000,"Census Tract 5950, Wayne County, Michigan",1687,1717,1710,1762,1766,1772,0,0
1400000US26163595100,"Census Tract 5951, Wayne County, Michigan",2158,2163,2179,2241,2262,2233,0,31
1400000US26163595200,"Census Tract 5952, Wayne County, Michigan",1418,1410,1414,1443,1459,1449,0,0
1400000US26163596100,"Census Tract 5961, Wayne County, Michigan",1577,1573,1631,1618,1643,1652,0,0
1400000US26163596200,"Census Tract 5962, Wayne County, Michigan",1682,1674,1748,1733,1735,1737,0,0
1400000US26163596300,"Census Tract 5963, Wayne County, Michigan",1035,1032,1063,1063,1085,1102,0,0
1400000US26163597000,"Census Tract 5970, Wayne County, Michigan",2140,2060,2096,2059,2032,1967,0,0
1400000US26163598000,"Census Tract 5980, Wayne County, Michigan",1399,1435,1380,1364,1432,1448,0,0
1400000US26163599000,"Census Tract 5990, Wayne County, Michigan",2181,2254,2175,2083,2135,2134,8,0
1400000US26163599100,"Census Tract 5991, Wayne County, Michigan",1787,1794,1723,1678,1751,1782,0,0
1400000US26163985000,"Census Tract 9850, Wayne County, Michigan",24,24,15,16,15,8,0,0
1400000US26163985100,"Census Tract 9851, Wayne County, Michigan",112,166,209,203,156,162,0,0
1400000US26163985200,"Census Tract 9852, Wayne County, Michigan",0,0,0,0,0,0,0,0
1400000US26163985300,"Census Tract 9853, Wayne County, Michigan",0,9,58,95,182,198,0,0
1400000US26163985400,"Census Tract 9854, Wayne County, Michigan",0,0,0,4,4,7,0,0
1400000US26163985500,"Census Tract 9855, Wayne County, Michigan",0,0,0,0,0,0,0,0
1400000US26163985600,"Census Tract 9856, Wayne County, Michigan",0,0,0,0,0,0,0,0
1400000US26163985700,"Census Tract 9857, Wayne County, Michigan",0,0,0,0,0,0,7,6
1400000US26163985900,"Census Tract 9859, Wayne County, Michigan",0,0,0,0,0,0,149,122
1400000US26163990100,"Census Tract 9901, Wayne County, Michigan",0,0,0,0,0,0,0,0
1400000US26163990200,"Census Tract 9902, Wayne County, Michigan",0,0,0,0,0,0,232,190
,,,,,,,,8,8
,,,,,,,,0,0
,,,,,,,,0,0
,,,,,,,,0,0
,,,,,,,,0,0
,,,,,,,,0,0
,,,,,,,,0,0
,,,,,,,,0,0
,,,,,,,,0,0
,,,,,,,,15,18
,,,,,,,,0,0
,,,,,,,,0,0
,,,,,,,,0,0
,,,,,,,,0,0
,,,,,,,,0,0
,,,,,,,,0,0